{
	"format_version": "1.8.0",
	"animations": {
		"attack": {
			"animation_length": 0.75,
			"bones": {
				"right_arm": {
					"rotation": {
						"0.0": [0, 0, 0],
						"0.0417": [2.8452, 0, 0],
						"0.0833": [11.3257, 0, 0],
						"0.1667": [36.1743, 0, 0],
						"0.2083": [44.6548, 0, 0],
						"0.25": [47.5, 0, 0],
						"0.2917": [39.79563, 0, 0],
						"0.375": [-39.79563, 0, 0],
						"0.4167": [-47.5, 0, 0],
						"0.5417": [-47.5, 0, 0],
						"0.5833": [-44.24849, 0, 0],
						"0.625": [-32.53395, 0, 0],
						"0.6667": [-14.96605, 0, 0],
						"0.7083": [-3.25151, 0, 0],
						"0.75": [0, 0, 0]
					}
				}
			}
		}
	}
}